#{"t_start": 1780426186.3061235, "env_id": "None"}
r,l,t
-64.724873,70,9.077172
-131.691899,19,14.021227
-51.904479,32,20.812868
-53.493614,1,23.843651
-55.197312,30,30.155641
-386.887193,159,50.82138
-87.858601,21,56.06334
-54.195274,1,59.092726
-52.729324,1,62.121771
-52.779087,1,65.177068
-53.622887,1,68.209971
-50.554523,1,71.251213
-52.799843,1,74.303027
-54.177082,1,77.329589
-52.029953,1,80.359558
-54.195904,1,83.407211
-22.852086,16,88.122196
-175.664111,31,94.52572
-215.788762,60,104.181097
-51.006973,1,107.205871
-53.137959,1,110.254459
-493.610566,250,141.122907
-521.589065,250,169.148124
-738.037284,250,197.164675
-169.903088,175,216.687954
-365.479343,250,247.333672
-428.60408,250,275.131899
-173.383705,250,302.966749
567.463852,137,318.156362
-22.226575,89,328.10824
-51.017937,1,331.147567
-568.05695,250,361.765554
192.951685,250,389.515692
-688.294369,250,417.32422
-387.884645,138,432.650798
-56.877078,2,435.782183
-467.948768,250,466.497208
-63.865435,8,467.44865
-53.764725,1,470.47863
45.599009,122,486.858206
-52.095215,1,489.871881
-50.031395,1,492.879867
444.83293,109,507.892308
119.484222,250,535.839475
299.526687,96,546.643511
-107.3027,18,551.551374
-68.91591,27,557.469829
-131.736938,25,563.148146
-40.94865,20,568.281426
-48.269402,1,571.317882
191.294469,90,584.246442
180.520086,103,598.59843
-53.380398,1,601.646613
195.062903,116,617.458005
-39.574315,5,620.983604
-218.419342,60,630.528585
-237.067587,60,640.103835
608.171858,250,670.887614
216.398789,155,688.169526
416.348487,158,705.822065
349.693671,83,717.96558
-18.501021,79,726.760788
-51.942345,1,729.808275
-60.198799,29,735.935561
-108.188403,24,741.509103
8.410854,43,749.206565
-51.037636,1,752.252741
-50.218494,1,755.310187
-49.960648,1,758.332899
-51.801567,1,761.371995
-51.872021,1,764.43537
-53.76873,1,767.483649
-49.81776,1,770.518522
13.869553,161,791.381634
193.65792,250,819.278033
-236.004124,236,845.636159
-53.548115,1,848.684359
-80.836261,9,852.595779
-122.133039,21,857.822374
330.641629,198,882.679576
-117.454395,39,889.939396
-50.076466,1,892.964251
-49.981052,1,895.981157
48.011263,46,904.027213
-105.272684,24,909.641547
-116.10185,19,914.682083
-81.478239,18,919.572359
-149.670153,32,926.047948
180.545978,125,942.770512
158.922037,163,963.751693
-182.116275,250,994.341522
-531.842271,250,1022.149084
109.130857,158,1039.684577
-198.261213,131,1054.264295
178.82058,250,1084.878027
-535.92205,250,1112.759593
-160.069755,163,1130.934468
-64.823549,4,1134.315671
-52.767921,26,1140.135037
-165.194419,250,1170.716569
-486.03538,250,1198.272154
-509.394115,250,1225.890595
-86.780563,9,1226.92842
-51.074879,24,1232.486756
-50.212546,16,1237.149375
276.670599,96,1250.674114
-47.44651,31,1254.144769
-95.631168,33,1260.712985
-51.278862,1,1263.767496
-44.071133,37,1270.753443
-74.061734,102,1284.953694
-53.9217,1,1288.004616
106.175836,250,1318.711468
-614.682377,250,1346.52264
160.43122,115,1359.293533
-79.356316,18,1364.215372
-52.862938,1,1367.234478
-28.789772,250,1397.940758
-883.765131,250,1425.665112
-110.128342,250,1453.439178
-137.25808,29,1456.722672
-172.933211,53,1465.494422
167.734008,107,1480.282604
1.982589,250,1510.980618
-55.062895,80,1519.882279
151.367818,59,1529.350348
-178.780304,221,1556.743387
-50.383293,1,1559.803396
-51.66745,1,1562.856881
-50.069859,1,1565.885732
-49.379782,22,1571.260419
355.695632,116,1587.038731
-159.917703,60,1593.682315
-50.752167,1,1596.707797
-50.575737,1,1599.755592
62.340106,91,1612.778178
-53.916492,1,1615.793539
-53.025993,1,1618.82751
-54.204937,1,1621.874301
-51.88641,1,1624.910759
100.822195,89,1637.679681
-73.585041,12,1641.939726
-50.904636,1,1644.984369
-53.919632,1,1648.03611
-50.916893,1,1651.072858
63.367869,115,1666.61264
-50.220718,1,1669.626185
13.420795,79,1681.242068
-50.65855,1,1684.297653
-52.791286,1,1687.311471
-50.551086,1,1690.35306
-51.784214,1,1693.40377
-52.94327,8,1697.198576
102.988908,88,1709.785032
36.863406,99,1723.58738
-117.550524,28,1729.574263
-55.341236,11,1733.693362
-67.099239,13,1738.052421
22.701259,95,1751.38436
37.321398,109,1766.261406
184.111529,97,1779.858876
-53.675491,1,1782.918068
-51.655663,1,1785.965667
-51.756187,1,1788.976488
-52.517807,1,1792.022904
-1.400943,250,1822.435666
-67.169052,23,1825.003784
98.891318,148,1844.168237
-156.731515,26,1849.93937
125.757478,168,1871.363369
-53.590424,1,1874.420406
-67.181516,4,1877.789533
-54.249191,1,1880.839663
-52.067871,1,1883.859014
-822.627342,250,1914.279024
402.5345,156,1931.458158
140.598915,242,1958.132197
-58.177717,5,1961.591593
-53.304646,1,1964.63468
-53.112919,1,1967.655496
542.069457,250,1998.117638
-102.980389,26,2001.041077
-54.111485,1,2004.094851
-52.656113,1,2007.123222
-53.049931,1,2010.159604
-54.33017,1,2013.212467
-53.478756,1,2016.262527
-50.20599,1,2019.316809
-52.807808,1,2022.347823
-53.895199,1,2025.372436
-151.492474,20,2030.489155
-49.814556,1,2033.511457
606.083408,236,2062.378897
310.773162,243,2089.194881
581.925348,190,2112.993789
217.526024,27,2116.03822
-72.639139,60,2122.701676
-53.45195,1,2125.752335
-44.935072,4,2129.130451
58.786672,77,2140.519973
154.997376,63,2150.400171
-84.9463,71,2158.278152
-117.303971,28,2164.2687
-82.160436,18,2169.171533
-40.153288,4,2172.539563
491.461302,144,2191.363633
-80.949333,10,2192.534178
-144.746989,23,2197.99403
458.321328,250,2228.398644
-125.186698,68,2235.936545
-152.997612,105,2250.393456
290.850987,82,2262.370139
135.733818,133,2277.071875
-113.55561,23,2282.548205
-53.239147,1,2285.60177
577.921752,250,2316.013481
-81.678825,12,2317.408121
-97.270581,14,2321.875241
-139.048355,18,2326.783173
-52.851192,1,2329.802572
-53.434109,1,2332.855505
-51.308929,1,2335.882786
-53.470619,1,2338.949258
-50.801994,1,2341.976478
-53.376713,1,2344.996934
-50.683331,1,2348.024197
-52.658108,1,2351.048964
-54.679405,1,2354.092782
-52.418278,1,2357.125461
-53.383564,1,2360.147089
-53.26339,1,2363.169439
-51.54203,1,2366.190646
-53.146984,1,2369.229659
-51.165874,1,2372.294747
269.671146,193,2396.470615
-107.115721,19,2401.473527
-362.276154,111,2416.553538
82.24665,203,2441.772905
-97.493032,16,2446.48922
-52.113079,1,2449.507967
-54.589752,1,2452.542953
557.018242,250,2482.965127
-99.337566,10,2484.134331
-52.515869,1,2487.142027
-53.387363,1,2490.180051
-57.750326,3,2493.456239
-53.881351,1,2496.500329
-53.961739,1,2499.510463
-52.783937,3,2502.760527
-54.05471,1,2505.818383
-51.704689,1,2508.850395
-53.022865,1,2511.894323
-51.121269,1,2514.927438
-52.674824,1,2517.945105
-53.904125,3,2521.22479
242.205073,181,2544.08077
-50.585388,1,2547.100438
326.613259,73,2558.072607
-138.15461,17,2560.031734
-62.847539,128,2577.084623
16.318294,80,2588.802201
-52.275829,1,2591.858731
-53.351429,1,2594.910409
-53.688747,1,2597.914844
-53.792397,1,2600.960049
-53.277794,1,2603.989178
-52.321594,1,2607.00062
-171.274279,36,2613.900106
-42.187834,8,2617.69444
717.164891,176,2640.020457
17.457784,175,2659.324225
-31.106935,71,2670.040765
-51.508419,1,2673.059735
-53.820877,1,2676.09294
-51.000118,1,2679.136727
-53.84325,1,2682.183672
-51.447964,1,2685.188943
271.659617,34,2691.844275
50.970287,95,2702.353078
-150.415953,42,2709.886972
-38.009288,9,2713.825239
-354.750538,250,2744.306946
-134.324702,40,2748.754086
-55.589201,14,2753.192316
-57.426631,9,2757.091694
-4.640798,79,2768.728586
-137.110755,61,2778.346741
-52.374409,1,2781.35056
-54.083256,1,2784.353774
-49.732716,1,2787.368444
-58.396669,4,2790.731509
-51.714622,1,2793.744504
-54.729988,1,2796.782143
-50.172947,1,2799.821473
-51.380302,1,2802.855313
-206.333402,109,2817.788719
470.783964,220,2844.962937
-119.243782,14,2846.545689
-77.890647,51,2855.11003
440.074024,221,2882.370999
-49.750607,1,2885.393456
-54.321983,1,2888.43522
-49.978928,1,2891.478508
-58.371244,4,2894.83161
-490.268513,250,2925.239009
-623.899543,221,2949.606246
13.070426,196,2974.117388
510.92949,140,2992.495029
296.440762,113,3004.969686
136.9377,61,3011.738526
-240.903626,117,3027.525224
-485.734538,120,3043.643734
78.658369,89,3056.427371
290.328859,100,3070.338376
-55.707213,13,3071.797994
-50.242729,1,3074.827302
-50.336449,1,3077.859012
-51.797874,1,3080.863971
-9.929597,137,3098.853571
-48.856646,2,3101.9839
32.94179,125,3118.699755
-54.110962,1,3121.732481
-51.454639,1,3124.757667
-51.114925,1,3127.810356
-51.485996,1,3130.85129
-72.978295,20,3136.006
-49.699275,4,3139.392828
-53.677727,1,3142.43133
-52.243305,1,3145.463883
-53.90255,1,3148.471369
-50.474551,7,3152.147206
-51.735363,1,3155.16021
-53.318867,1,3158.176431
-117.097547,20,3163.338216
368.941448,155,3183.514616
153.436197,241,3210.430875
-49.60165,1,3213.45282
-51.531929,1,3216.481681
-28.716063,124,3233.069869
60.237421,98,3246.91125
23.291423,120,3263.216192
-52.627392,1,3266.234898
-52.255577,1,3269.26409
-50.176239,1,3272.29592
-49.865704,1,3275.331612
-53.942371,1,3278.365329
-24.873225,46,3286.421594
200.590706,121,3302.81849
-54.151108,1,3305.862687
-52.038765,1,3308.891569
-52.520264,1,3311.9152
-53.007263,1,3314.923798
-50.866802,1,3317.965243
-52.960487,1,3321.002826
-51.464684,1,3324.035628
-49.474056,1,3327.053383
-50.126598,1,3330.063702
-138.122824,17,3334.894519
-52.040947,1,3337.943317
-50.546651,2,3341.098362
-167.351167,30,3347.337163
256.476854,118,3363.429379
-92.692571,250,3391.452476
-210.936766,85,3400.947464
-53.45837,1,3403.979695
411.953753,185,3427.608382
-53.430099,1,3430.63639
-54.926296,2,3433.759149
-52.842243,1,3436.81291
-50.620167,1,3439.870625
-50.078476,1,3442.88482
-55.510504,2,3446.045161
-51.25523,1,3449.087344
-50.965397,1,3452.120599
-54.084896,1,3455.147322
44.432636,166,3476.577346
-53.151493,1,3479.615807
-53.498955,1,3482.634276
-50.346889,1,3485.675951
-52.698509,1,3488.69846
-52.547298,1,3491.717513
-50.330624,1,3494.770126
-287.215792,132,3512.409359
-59.027209,15,3517.038055
-54.092686,1,3520.055155
-50.801697,1,3523.101731
-86.916915,10,3527.120971
-53.386795,1,3530.180272
-53.81604,1,3533.217531
-54.017246,1,3536.240612
-51.197025,1,3539.306575
-50.697071,1,3542.349443
-50.44622,1,3545.371487
-53.37191,1,3548.413027
-49.306059,24,3553.999719
-49.86467,1,3557.029762
313.687219,48,3565.279372
-79.797261,12,3566.685717
-54.425911,1,3569.729707
-53.292038,1,3572.764728
-53.222576,1,3575.793288
-52.843006,1,3578.846167
-50.443783,1,3581.871976
-51.618221,1,3584.891243
-51.471851,1,3587.920788
-54.312778,1,3590.949811
-53.721897,1,3593.998065
-50.41544,1,3597.046377
-50.922272,1,3600.04502
-50.083004,1,3603.064707
-50.201981,1,3606.087322
-53.179317,1,3609.09777
-51.824974,1,3612.135221
-54.399853,1,3615.160208
-54.021309,1,3618.173772
-51.554077,1,3621.205799
-53.467007,1,3624.215197
-53.947678,1,3627.262477
-53.669182,1,3630.311649
-53.91721,1,3633.325289
-54.166355,1,3636.345834
-50.387505,1,3639.38406
-52.162037,1,3642.430328
-52.087746,1,3645.458194
130.651243,148,3664.808814
-49.802982,1,3667.876848
-50.355052,3,3671.155661
-109.14277,38,3678.309875
-51.469799,1,3681.332524
-53.636433,1,3684.35076
-53.210659,1,3687.366353
-52.410999,1,3690.423952
-104.853163,15,3694.983635
-74.617032,12,3699.243229
192.817025,11,3703.388559
332.366122,99,3714.467969
502.201293,194,3736.203402
-0.72844,95,3746.866559
-81.777842,15,3751.467448
227.510057,188,3775.321445
167.247564,139,3790.935074
-53.503139,1,3793.953246
-52.559254,1,3796.987159
340.870755,160,3817.722273
-77.792804,5,3818.342525
-53.166153,1,3821.402934
-53.517403,1,3824.423206
159.87864,106,3839.1504
-50.708932,56,3848.316398
-54.196835,1,3851.34737
-50.873436,1,3854.409302
-49.729675,1,3857.470633
-50.161804,3,3860.750034
-50.302399,1,3863.791345
-49.731388,1,3866.859549
107.991771,80,3878.663188
207.655323,197,3900.551316
-58.383642,2,3903.68846
-92.055888,8,3907.503351
-50.11937,1,3910.564984
-53.084938,1,3913.623189
360.099873,77,3925.05635
217.49584,85,3934.482777
233.33137,250,3962.103146
347.938482,228,3987.64408
376.920584,94,3998.238189
412.393226,190,4019.478926
54.911114,132,4034.194093
-89.278817,16,4038.865235
-121.362806,15,4043.461586
-50.952019,1,4046.478715
-49.974758,1,4049.503603
-148.145755,228,4077.760138
-125.395574,31,4084.1519
-5.367677,74,4095.236909
-53.165131,1,4098.259007
297.39638,227,4126.33998
-59.191734,3,4129.582207
-50.889526,1,4132.591097
-54.684734,2,4135.739244
-65.15079,16,4140.426834
-98.29045,15,4145.034722
-86.308066,11,4149.172607
-50.872307,1,4152.219102
-54.541302,1,4155.24315
-52.940483,1,4158.256688
-50.96994,1,4161.274479
-52.855629,1,4164.296093
-53.37365,1,4167.328359
-52.880398,1,4170.375213
-51.708382,1,4173.442339
-52.614166,1,4176.466454
-49.96983,1,4179.508947
-51.295265,1,4182.525785
-53.69878,1,4185.542519
-86.734062,17,4190.339195
-53.305054,1,4193.372653
-50.055504,1,4196.395842
7.099393,128,4213.452144
310.442441,99,4227.411138
-37.214906,54,4233.474134
-136.897314,42,4241.070295
178.400066,142,4259.769369
-51.963547,1,4262.809766
142.118063,148,4282.130167
-47.897478,4,4285.486059
305.537074,61,4295.179941
-51.347393,30,4298.613208
-53.212292,1,4301.613659
-46.888027,112,4316.901618
-54.362526,1,4319.946351
285.213369,102,4334.13073
245.34645,196,4355.799389
-49.571705,1,4358.842829
276.608664,30,4365.079616
-115.910826,78,4373.714515
34.096451,130,4390.998576
-50.398071,1,4394.021973
421.791852,184,4417.254961
153.494805,147,4433.459272
-22.466799,14,4435.048771
-51.385265,1,4438.075862
-67.121639,5,4441.552722
-581.966606,245,4471.430817
-50.797565,1,4474.430645
-578.307055,218,4501.345657
-50.277279,1,4504.365889
476.885132,158,4524.673579
-152.14013,50,4530.225096
-51.365181,1,4533.251308
-51.487457,1,4536.298738
-50.273392,1,4539.328425
-50.787617,1,4542.37338
-50.389088,1,4545.398081
-51.910927,1,4548.418994
-49.757507,1,4551.477346
-47.409363,1,4554.526716
251.137932,26,4560.292964
-117.149106,21,4562.671473
-80.088313,9,4566.60225
-171.710533,101,4580.628783
-50.896339,1,4583.652615
-53.362389,1,4586.706182
-52.659176,1,4589.770302
-53.802849,1,4592.823561
-53.377613,1,4595.847204
-52.894413,1,4598.844297
-54.198875,1,4601.900091
9.782903,61,4611.563904
-68.026115,30,4617.780806
-499.015891,250,4648.154244
-86.297359,250,4675.692088
-555.80408,250,4703.260794
-258.269476,250,4730.836444
-874.153598,250,4758.366577
-699.312373,250,4785.935666
-367.249802,133,4800.63045
-85.817635,54,4809.459659
-51.377045,1,4812.488205
-55.908431,8,4816.279453
-51.184795,1,4819.322497
-290.776758,77,4830.701512
-53.615231,1,4833.747997
-51.007271,1,4836.777423
-70.437994,10,4840.808918
-37.162851,33,4847.390208
-51.739482,22,4852.734206
-49.921646,1,4855.764628
-53.772129,1,4858.792196
-51.903778,1,4861.804097
-50.78017,1,4864.860304
-51.179077,1,4867.889313
-722.142371,250,4898.282517
-109.894479,69,4905.970524
-52.196224,1,4909.002675
-53.919331,1,4912.051733
-52.195599,1,4915.079389
-50.34049,4,4918.43311
-79.954086,60,4927.9498
-51.142155,1,4931.005006
-235.534399,184,4954.210682
-60.798538,7,4957.916283
-51.397282,1,4960.93839
-115.467603,23,4966.397357
-51.635368,1,4969.446462
467.441941,155,4989.404603
-89.267803,250,5016.955568
-110.317142,212,5040.337347
-50.368622,1,5043.357417
-54.085419,1,5046.349517
-145.480966,35,5053.127187
211.494906,215,5079.734487
143.635002,143,5098.456281
105.495548,122,5114.773578
-43.812364,18,5119.694914
-27.218853,17,5124.482394
386.92487,221,5151.697432
-49.942562,1,5154.743376
-52.777508,1,5157.792463
-53.802711,1,5160.842195
-363.20827,122,5177.211328
-54.252045,1,5180.226048
-32.927127,114,5195.690029
-51.793381,1,5198.733566
-52.938126,1,5201.778998
-52.81599,1,5204.791822
-51.769581,1,5207.809015
-54.007271,1,5210.819894
-53.63644,1,5213.870838
-101.012259,161,5234.51306
-54.18512,1,5237.533875
-41.380827,56,5246.556808
-137.341295,26,5252.334051
30.660968,187,5275.843215
-95.683547,24,5281.392499
-49.715164,1,5284.404814
-50.419792,1,5287.457199
202.038666,18,5292.356462
27.667101,85,5301.80209
-50.080921,1,5304.830685
-52.695053,1,5307.873979
-47.451225,1,5310.907749
-51.818783,1,5313.927474
-52.783112,1,5316.925694
-52.682636,1,5319.963522
-53.751377,1,5322.984833
-52.707237,1,5326.008311
-34.030308,250,5356.417192
-67.925825,28,5359.58687
-49.826698,1,5362.636438
-53.057949,1,5365.655357
-52.3955,1,5368.676414
-51.407688,1,5371.714509
-54.139038,1,5374.740215
-53.923908,1,5377.774284
-53.862293,1,5380.816111
-52.800468,1,5383.851658
-51.467377,1,5386.890981
-52.511383,1,5389.928653
-51.066479,1,5392.936994
-53.698448,1,5395.962371
-53.114994,1,5398.974565
131.936751,250,5429.412055
-50.48659,13,5430.914015
-52.802873,2,5434.058178
-50.831356,1,5437.084999
121.441118,203,5462.333884
-522.747885,175,5484.562837
-50.867588,1,5487.580406
-101.209445,16,5492.240726
-17.215445,105,5506.676904
-53.429287,1,5509.716045
-49.901134,1,5512.740992
119.876055,238,5541.873801
-52.347717,1,5544.914205
139.142128,250,5575.352986
44.033714,52,5581.157585
-54.697365,1,5584.212249
-27.232992,31,5590.554765
220.773006,20,5595.690264
-200.57219,222,5620.191576
-50.916466,1,5623.201746
-275.416395,191,5647.271215
-52.432373,1,5650.299929
127.294426,146,5669.290186
174.546569,44,5677.08946
-52.2688,46,5682.208696
150.201933,228,5710.280552
-53.882111,1,5713.29249
-54.000259,1,5716.317809
15.76012,44,5724.094741
-138.790518,42,5731.640852
-94.263282,30,5737.892159
-49.706909,1,5740.929668
-53.051563,1,5743.96111
-116.859393,15,5748.557783
-52.055401,1,5751.585926
-52.405609,1,5754.622817
-50.729988,1,5757.661948
-50.136219,1,5760.69242
286.693778,36,5767.580146
-294.498432,250,5795.165187
-153.404732,35,5799.101168
-53.952343,1,5802.124454
-54.14032,1,5805.149459
368.115448,187,5828.631212
-50.040653,1,5831.667506
254.047738,69,5842.185745
-26.212992,75,5850.558254
-53.310333,1,5853.613109
-54.143581,1,5856.62464
-51.829594,1,5859.647516
-10.069613,82,5871.640077
-53.715588,1,5874.690459
-53.780476,1,5877.747794
-54.345402,1,5880.776957
-51.956085,1,5883.814229
-49.764355,1,5886.857179
-50.353237,1,5889.867975
-52.246094,1,5892.877547
-98.847887,12,5897.139552
31.541124,60,5906.728709
-574.068761,129,5923.800195
-53.184296,1,5926.813116
-127.541044,34,5933.505594
-51.148209,1,5936.514087
-52.510078,1,5939.522301
-10.505384,66,5949.672795
-52.408459,1,5952.703892
-50.38583,1,5955.731099
-53.160095,1,5958.782168
-53.516113,1,5961.840782
-53.587643,1,5964.89728
-64.629164,6,5968.489607
-53.834312,1,5971.535524
-100.066049,21,5976.751202
-96.601077,23,5982.18961
-49.462219,1,5985.232375
-419.575455,250,6015.784079
-63.248118,81,6024.753407
-53.858051,1,6027.816233
422.66969,237,6056.849646
-59.393323,8,6057.779477
-50.805115,1,6060.81418
-52.797707,1,6063.845222
47.09559,202,6088.974045
-159.482247,26,6094.783777
-51.643276,1,6097.809811
-52.193458,5,6101.269431
-44.948525,19,6106.293881
-52.771408,1,6109.309306
-54.007584,1,6112.351848
-51.193047,1,6115.395407
-49.687954,1,6118.437769
-51.327576,1,6121.484028
-50.518658,1,6124.528237
-53.810356,1,6127.549359
-50.285671,1,6130.562242
-117.197376,74,6141.615558
-51.253735,1,6144.661842
-72.404035,5,6148.121024
-52.8465,1,6151.157254
-115.821007,71,6161.881864
-53.632511,1,6164.897013
-120.642278,44,6172.677771
290.17498,250,6203.062319
159.578168,246,6230.207725
-3.90122,27,6233.262462
143.543734,65,6243.345862
-91.490971,60,6250.015135
-110.966682,31,6256.343345
346.693335,175,6278.512681
-53.280979,1,6281.542436
-52.716972,1,6284.571012
-53.977856,1,6287.608711
-50.305145,1,6290.644668
-52.93943,1,6293.668357
-52.564831,1,6296.705337
499.282892,250,6327.401063
-442.336604,247,6354.934876
-90.893476,26,6360.736396
354.499567,56,6369.921598
201.735157,49,6375.427603
274.308171,250,6403.224689
496.497943,230,6428.799284
242.939586,191,6450.063937
644.482749,218,6477.20124
-89.556559,66,6484.562649
-50.133274,1,6487.607711
180.008468,153,6507.548204
-47.058824,5,6511.010572
-52.182846,1,6514.042711
-237.490186,101,6528.153826
-51.007912,1,6531.186723
116.665467,126,6548.041399
-52.321056,1,6551.064939
-61.023161,3,6554.319468
513.611854,250,6584.974108
80.448116,101,6596.237407
-52.621944,1,6599.267877
-51.583344,1,6602.30414
-52.531548,1,6605.34507
79.379528,250,6636.014992
361.010234,91,6646.119879
-4.624029,138,6661.301515
-52.197643,1,6664.344129
-54.563309,1,6667.390085
-39.23591,136,6685.295987
-49.604828,1,6688.322806
-50.935959,1,6691.350935
-50.296173,1,6694.363028
-63.938814,16,6699.044555
-333.526562,164,6720.124184
-54.505623,1,6723.140347
51.417499,105,6737.628216
284.48222,64,6747.644896
59.004599,219,6771.841581
-54.45237,1,6774.865671
-53.310135,1,6777.911478
-52.551838,1,6780.950824
-53.554722,1,6783.977732
-54.000275,1,6786.991063
-52.973606,1,6790.025111
-74.659199,5,6793.485745
269.937818,148,6812.669337
510.663917,250,6840.261636
-55.845061,8,6841.21254
-50.663612,1,6844.241924
-50.972969,1,6847.273852
-53.772079,1,6850.28668
-50.415722,1,6853.329939
-49.784584,1,6856.372711
-52.564877,1,6859.374225
-53.124821,1,6862.398421
-51.413811,1,6865.419885
-50.253521,1,6868.442451
-54.029362,1,6871.503881
-159.488696,188,6895.12974
-51.308567,1,6898.170024
-47.280449,1,6901.187324
116.624018,238,6930.343516
-53.737083,1,6933.366006
332.739252,250,6963.779274
275.438272,169,6982.477342
-54.042534,1,6985.490283
-53.978241,1,6988.531878
196.052968,142,7007.07391
326.465572,250,7034.623896
-63.194033,34,7038.40688
-51.007439,1,7041.423492
-51.582043,1,7044.474593
-54.221001,1,7047.512418
-51.76791,1,7050.535295
-51.053604,1,7053.568904
-53.078075,1,7056.595356
307.792737,247,7086.582558
-53.232399,1,7089.582097
-51.34148,1,7092.617987
-53.874134,1,7095.64787
-52.100548,1,7098.645081
539.87777,246,7128.692336
104.782581,199,7150.675391
221.858492,176,7172.939437
214.331042,83,7184.975061
384.22908,164,7203.12558
-113.274529,18,7208.024841
-52.44241,1,7211.067767
-51.628292,1,7214.086857
141.14322,113,7229.424962
-34.94752,17,7234.198337
-51.163857,1,7237.22639
-51.652847,1,7240.251328
-92.404754,12,7244.489169
-52.539856,1,7247.522215
-52.149087,2,7250.650556
-49.895307,8,7254.413423
-51.227917,1,7257.439592
-49.740147,1,7260.478198
-114.260117,14,7264.941188
16.637582,250,7295.435686
-45.260638,11,7296.734919
-53.636944,1,7299.770247
-49.784649,1,7302.804404
-50.917828,1,7305.812799
462.065063,137,7323.857753
64.413359,175,7343.151543
251.131039,136,7361.101067
-50.836351,67,7371.445303
65.703728,125,7388.082282
-89.413731,19,7393.107547
-51.104805,1,7396.147573
159.327806,94,7409.387896
-53.732147,1,7412.40367
-54.422295,1,7415.434397
-53.602825,1,7418.460975
-74.364389,154,7438.308547
-179.054726,40,7445.622948
-52.259197,1,7448.677079
-52.978199,1,7451.726913
434.676993,183,7474.773183
-131.762358,25,7477.583359
393.283917,93,7490.774781
83.996582,165,7509.013632
-93.06261,14,7513.499422
34.287164,48,7521.734684
-51.816437,1,7524.758894
-53.700413,1,7527.770167
-37.898972,42,7535.292029
-53.046852,1,7538.321679
-59.393482,3,7541.595203
147.204379,130,7558.84977
-51.67989,1,7561.897543
-67.889892,4,7565.263698
-54.240929,1,7568.298684
-54.473457,1,7571.315427
232.616253,41,7578.711454
325.6528,230,7604.054789
-22.728027,108,7616.026363
-53.338539,1,7619.056351
-53.175636,1,7622.091386
-53.865494,1,7625.108982
-53.605049,1,7628.167617
-80.966872,7,7631.857404
-0.290948,75,7643.024028
-52.38448,1,7646.061244
-53.30307,1,7649.056268
-155.141335,28,7655.063376
444.28029,220,7682.270252
-152.762655,44,7690.019465
227.175067,152,7709.737933
401.452417,250,7737.366296
-697.566708,192,7758.595097
-107.528463,11,7762.736086
-52.16259,1,7765.768083
-53.230499,1,7768.813961
-17.19809,30,7775.05969
334.214488,172,7796.890024
-167.105348,37,7803.874631
-51.685711,1,7806.913716
-49.761795,1,7809.938699
-25.145922,137,7827.871869
-56.161872,3,7831.124987
-51.900127,1,7834.128017
194.290233,180,7856.905537
28.973544,106,7871.473651
-54.366371,1,7874.496412
-53.352757,1,7877.528239
-49.680202,1,7880.540056
-52.159744,1,7883.592187
-53.163548,1,7886.638106
-49.712154,1,7889.684397
-49.822674,1,7892.703701
-53.789616,1,7895.750008
330.236925,147,7914.870401
-37.867016,67,7922.295765
-52.138493,1,7925.349916
-50.855968,1,7928.376958
-50.988777,1,7931.408449
155.253998,144,7950.253011
-50.286358,1,7953.275769
375.505693,170,7974.988894
-52.664581,1,7978.003754
23.089851,115,7993.554241
-52.22958,1,7996.580251
-50.7715,1,7999.618469
-50.361938,1,8002.641742
-50.470047,1,8005.659957
-52.786568,1,8008.685604
-53.037918,1,8011.734111
504.73732,188,8035.298883
379.236133,250,8062.841546
-96.319786,15,8064.542287
-109.091227,56,8073.57853
131.815757,150,8093.026928
-51.426571,1,8096.055843
352.959783,98,8109.774304
284.199343,226,8134.671089
-56.828028,41,8142.056882
-54.279228,1,8145.105533
293.847423,250,8175.5218
85.761666,107,8187.361094
-50.114109,1,8190.389658
-54.60599,5,8193.871724
78.974696,75,8205.052143
-49.84029,1,8208.093089
-51.035728,1,8211.122155
-54.366737,1,8214.158986
344.348376,128,8231.140324
-287.772174,107,8242.932471
-84.964911,7,8246.636655
-53.762455,1,8249.691538
-51.972565,1,8252.71203
262.543889,179,8275.328666
191.341728,183,8295.502193
-120.130562,13,8299.868759
-53.48196,1,8302.915471
-52.373104,1,8305.94898
-50.629063,1,8308.985196
-52.928478,1,8312.02106
-52.659321,1,8315.060825
-52.263222,1,8318.080513
-51.184177,1,8321.135236
-54.59325,1,8324.198899
276.251701,77,8335.611126
272.785165,194,8356.995011
443.737838,193,8381.186608
-160.121734,63,8388.154495
-134.056774,58,8397.470483
-53.556732,1,8400.504656
-54.130184,1,8403.536378
-92.336065,11,8407.663145
-51.5751,1,8410.693967
-52.842503,1,8413.719315
75.242502,104,8428.088387
-53.054394,1,8431.088269
-53.924461,1,8434.121238
149.112372,87,8446.63125
-50.798874,1,8449.671646
-50.450504,1,8452.692321
-52.87785,1,8455.693768
-50.582367,1,8458.726338
-51.169365,1,8461.784049
-53.3964,1,8464.8095
2.021641,15,8469.381977
-54.028656,1,8472.400595
-50.718166,1,8475.437824
-50.522041,1,8478.473187
-361.424224,154,8498.303148
-96.679819,19,8503.323249
-120.146348,27,8509.24306
-136.08747,26,8515.005615
113.350571,126,8531.801355
-83.442561,34,8538.479758
-37.553189,48,8546.706551
26.845943,70,8557.334326
-53.479,1,8560.383489
-52.312927,1,8563.415235
-75.010716,18,8568.319399
-49.754147,1,8571.358776
-53.904602,1,8574.409353
-53.701038,1,8577.425435
-95.190893,49,8585.73964
-51.271435,1,8588.795775
-53.413876,1,8591.850793
-7.037924,75,8603.067781
30.001291,55,8612.041242
-63.82633,5,8615.537943
-53.799149,1,8618.592102
-51.817345,1,8621.617512
10.200184,51,8630.088375
-51.455708,1,8633.128894
-54.050018,1,8636.155062
72.943705,64,8646.145417
-53.437943,1,8649.187203
0.003769,87,8661.757766
-53.329826,1,8664.798267
-53.540802,1,8667.816026
-51.834778,1,8670.83096
39.075887,70,8681.461838
126.749756,127,8698.408545
-91.826151,22,8703.737407
-5.665136,81,8715.589301
-51.886871,1,8718.631091
-51.957957,74,8729.682302
3.125825,134,8747.327322
-52.844624,1,8750.363235
108.758754,102,8764.521981
-53.676262,1,8767.559139
350.532501,184,8790.79661
-53.164711,1,8793.835182
-53.310112,1,8796.875153
-54.214836,1,8799.909519
-51.701637,1,8802.93162
-50.902748,1,8805.964159
-80.453986,14,8810.442975
-50.030998,1,8813.45645
-54.199322,1,8816.482366
210.43603,211,8842.668004
-53.240643,1,8845.706551
-49.575927,4,8849.095196
7.569107,125,8865.844903
-53.520893,1,8868.87935
-54.058872,1,8871.919095
-51.380337,1,8874.94746
24.917916,88,8887.518756
30.148708,54,8896.380824
79.095616,136,8914.292508
-53.238594,1,8917.295987
-53.439922,1,8920.321743
-55.343134,8,8924.119902
-527.701237,250,8954.496313
-100.807539,16,8956.333641
-51.571133,1,8959.363834
-46.300986,30,8965.593293
205.337284,250,8996.092961
-191.459474,82,9005.199069
-53.375946,1,9008.230778
-425.265018,196,9032.669129
-49.617336,1,9035.714147
-50.277805,1,9038.736705
-482.192909,250,9069.155938
-72.4124,8,9070.112639
-161.613429,30,9076.341929
-51.359272,1,9079.400702
-50.083694,1,9082.439744
-53.515133,1,9085.476426
-50.891476,1,9088.502243
-85.181259,14,9092.958694
-107.940406,44,9100.73603
-52.785938,1,9103.765113
-53.600382,3,9107.015601
-49.40836,1,9110.023535
-51.323536,1,9113.083678
-100.789411,18,9117.995201
-103.263062,23,9123.440012
-57.049242,2,9126.580365
-48.931076,4,9129.938224
416.124658,183,9152.926029
-92.701886,24,9155.642958
-62.748017,5,9159.106332
-52.048634,1,9162.132003
-50.144119,1,9165.147057
-49.716896,1,9168.17821
-51.528107,1,9171.182963
-47.28729,5,9174.644485
-72.57889,5,9178.106141
-184.524898,43,9185.760166
-44.227751,9,9189.664681
-52.137325,1,9192.683408
-412.186776,113,9208.102296
-50.649872,1,9211.132193
-53.819153,1,9214.135523
199.557142,40,9221.50005
-89.465723,135,9236.410981
-51.641186,1,9239.439353
-64.689162,22,9244.792894
276.840861,77,9256.151585
-85.157663,44,9261.072353
-76.449008,28,9267.081335
113.344324,100,9280.997201
-24.408449,100,9294.915579
96.967499,119,9310.943106
163.045977,143,9329.54483
-50.154613,1,9332.578148
-50.509151,1,9335.622117
-81.810869,9,9339.544326
-77.224737,22,9344.904801
-53.98085,1,9347.939821
301.767589,32,9354.359286
23.108724,77,9362.954252
-675.48905,250,9393.391663
-415.443287,250,9421.008468
48.760008,121,9434.375203
-53.654545,1,9437.394899
-52.118668,1,9440.397204
-53.547636,9,9444.355186
-53.306698,1,9447.347477
-43.907682,5,9450.824761
-100.163289,14,9455.265511
46.791667,40,9462.608256
-54.272533,1,9465.632422
-53.767433,1,9468.666468
-125.271289,46,9476.610558
-54.132313,1,9479.648635
-51.270168,1,9482.693952
-53.285858,1,9485.738405
-53.864899,1,9488.770164
-51.444401,1,9491.829103
32.83617,166,9512.941579
439.467361,120,9529.099093
340.167632,128,9543.27041
-94.670195,63,9550.257622
16.027752,125,9566.92047
570.009829,217,9593.809098
472.252209,250,9621.376239
-151.13116,29,9624.648942
-73.529557,19,9629.630656
-52.672195,1,9632.684538
-63.722266,13,9637.054655
-67.413785,12,9641.265269
-63.88162,5,9644.70786
-54.101326,1,9647.722638
81.839554,113,9663.054771
-50.86771,1,9666.104107
267.802368,87,9678.620265
-52.684082,71,9686.596101
-49.648247,1,9689.614187
-53.706615,1,9692.656003
-291.784462,53,9701.489918
-45.32256,3,9704.723086
-53.474251,1,9707.73472
-53.881844,1,9710.761085
-53.404396,1,9713.79659
-54.557255,1,9716.839173
-54.026402,1,9719.860705
-53.605152,1,9722.897298
-54.410454,3,9726.153458
148.953302,110,9741.243928
-51.319355,1,9744.256054
-52.790989,1,9747.274889
-52.649948,1,9750.285291
-50.980579,1,9753.299025
-54.211288,1,9756.350926
-50.836021,1,9759.402535
-53.779087,1,9762.425782
-122.994452,41,9769.892537
-69.439693,15,9774.493073
-29.508941,250,9805.078916
-22.867419,92,9815.35275
-51.839211,1,9818.383934
593.343152,232,9846.982442
438.860337,250,9874.753005
-100.522114,134,9889.73193
-371.68848,232,9918.314862
-51.436813,1,9921.337441
-36.98051,8,9925.140602
-51.321705,1,9928.180727
-51.899902,1,9931.221002
-52.097584,1,9934.287759
-54.208187,1,9937.315224
-101.221119,11,9941.434942
-10.864168,49,9949.767567
-51.153469,1,9952.784405
-81.883909,9,9956.706478
212.38347,10,9960.722742
-69.741856,9,9961.774075
-51.289089,1,9964.81724
-50.386196,1,9967.836441
-204.717971,48,9976.074615
-319.841921,136,9994.002014
-87.728703,21,9999.271289
210.611269,209,10025.393409
-50.314983,1,10028.420199
-53.162315,1,10031.478675
-108.193094,18,10036.396924
-88.744944,8,10040.212232
-292.434262,195,10064.758774
-253.030325,169,10086.448544
-50.985455,1,10089.485214
249.416021,86,10101.865849
16.020381,73,10109.968701
-90.65755,13,10114.332493
-84.919327,10,10118.371588
213.357186,153,10138.145917
-72.708492,20,10143.278315
-53.651966,1,10146.306439
-47.529171,1,10149.341202
-79.949902,18,10154.243922
-132.254373,26,10160.02663
117.850818,208,10185.912305
-53.595123,1,10188.938337
133.604666,151,10208.500492
-131.417781,54,10217.377796
23.613327,46,10225.316747
-54.328518,1,10228.325978
-50.487366,1,10231.358534
-50.745831,1,10234.395821
-50.85062,1,10237.444195
-51.95002,1,10240.477348
-39.996254,114,10255.935143
-50.460403,1,10258.9841
63.572931,132,10276.487225
-49.281406,1,10279.511075
-51.85184,2,10282.643897
-259.004454,74,10293.710676
-58.280388,3,10296.942163
-72.632517,93,10310.10331
-52.356594,1,10313.139863
-47.459297,1,10316.165222
-54.291782,1,10319.199358
-54.521755,1,10322.228734
-39.724895,191,10346.127312
-24.40367,105,10360.585323
-174.074234,41,10367.983741
-101.50912,17,10372.784032
-49.903767,1,10375.820395
-50.673862,1,10378.850135
-0.251175,55,10387.78692
225.631372,59,10397.208894
-59.909249,40,10401.698935
-50.250282,1,10404.71837
548.877769,136,10422.617591
-262.396816,169,10441.328278
237.571363,250,10472.015997
-75.778058,32,10475.6535
-101.014329,18,10480.57036
-90.608608,17,10485.380778
-253.099775,80,10497.223773
-486.976973,250,10528.002893
290.70451,62,10535.01212
-99.246403,14,10536.640385
-53.757992,1,10539.661557
-48.690944,50,10548.166462
-52.14259,1,10551.213456
-49.431839,1,10554.230466
-53.31451,1,10557.251854
57.927357,200,10582.655734
-52.177502,1,10585.650177
-75.819589,17,10590.436053
-50.817741,1,10593.462666
-50.856525,1,10596.471897
-54.197754,1,10599.506558
-52.889565,1,10602.564246
-65.275531,26,10608.347699
-69.094954,56,10617.510091
-50.345421,1,10620.540629
-49.335423,1,10623.570584
-24.648564,12,10627.844362
-122.066818,58,10637.194226
-52.28014,1,10640.243813
627.648335,238,10669.828449
261.441975,225,10694.970886
-98.668724,26,10700.809347
48.760604,44,10708.654682
-50.2146,1,10711.709882
-53.449146,1,10714.748822
-64.162108,3,10718.015343
-87.534902,23,10723.489699
-54.116817,1,10726.527978
-248.115936,85,10738.879655
-50.635342,1,10741.90575
189.838425,8,10745.709495
56.436445,89,10755.649197
90.37374,250,10786.484612
63.06064,74,10794.845407
164.347412,222,10822.498796
-53.716427,1,10825.504646
-84.203532,12,10829.764418
-49.773274,15,10834.339206
-52.297764,1,10837.37631
-51.89901,1,10840.397165
-32.303962,15,10844.954737
-143.884831,29,10851.105249
-62.972108,24,10856.664094
-132.247417,25,10862.359766
-71.589531,7,10866.050191
-90.273313,17,10870.807579
-79.973211,15,10875.391024
-51.622272,1,10878.407271
26.817099,198,10903.448755
352.054998,74,10914.586275
-103.304134,131,10929.329078
-133.581745,27,10935.238171
196.863464,1,10938.267376
-57.626292,14,10939.91048
-47.477562,1,10942.939009
-51.494942,1,10945.955924
246.526766,140,10964.523379
1.776031,27,10970.47613
-52.415905,1,10973.503149
-53.580734,1,10976.53977
-52.050934,1,10979.568737
-53.323864,1,10982.607871
-59.723057,12,10986.860646
-53.923477,1,10989.892815
-52.806252,1,10992.933322
-83.541016,11,10997.096566
268.422456,118,11013.248545
29.653011,51,11018.993122
-49.751556,1,11022.026459
-32.193262,24,11027.59218
-52.406975,1,11030.617867
-178.86753,58,11039.946569
-116.62567,17,11044.769799
498.880967,197,11069.634801
152.158508,122,11083.328499
-53.10917,10,11084.511703
331.227296,207,11110.482174
-46.896274,63,11120.408555
-53.014988,1,11123.427192
-25.880582,22,11128.783214
11.890866,145,11147.89507
-50.427349,1,11150.944007
-202.328226,80,11162.677857
-103.153387,41,11170.137612
-51.493877,1,11173.157302
-49.914646,1,11176.186735
-50.701172,1,11179.206573
-60.497492,7,11182.903349
-109.012109,22,11188.238239
-78.421341,12,11192.506932
-63.079462,33,11199.08107
-50.504608,1,11202.080384
-47.599945,1,11205.109901
-53.798454,1,11208.143898
-70.141746,4,11211.500195
-169.114914,50,11219.937795
-61.011981,22,11225.258869
-50.457211,1,11228.308055
-49.546043,1,11231.359507
-141.0026,31,11237.705091
-45.567453,21,11242.955893
-49.877277,1,11245.983818
427.553208,172,11267.929765
-54.607296,1,11268.10021
-51.073605,1,11271.115063
-105.993665,14,11275.598577
-50.713474,1,11278.63266
-95.241276,9,11282.528528
-50.998718,1,11285.544579
-50.380878,1,11288.55752
-61.904385,31,11294.895918
-52.825474,1,11297.948911
-37.797283,29,11304.065522
-50.865002,1,11307.105686
-53.043709,1,11310.13194
-88.172281,141,11328.526786
-54.270576,1,11331.557111
-53.309853,1,11334.597649
-317.891204,140,11352.978365
-46.826254,9,11356.917839
29.540796,60,11366.437757
-50.842926,1,11369.469217
-53.400188,1,11372.503551
-50.519924,1,11375.505947
-50.648468,1,11378.537193
-54.076588,1,11381.573735
-352.089362,118,11397.58262
-1.065311,48,11405.861905
-87.212825,21,11411.136212
-53.449203,1,11414.167446
-52.830185,1,11417.190116
1.195858,41,11424.655434
-53.791702,1,11427.702263
-48.344952,97,11441.310407
-51.307011,1,11444.34139
-51.236164,1,11447.383809
-24.632682,61,11457.033827
-57.395628,3,11460.265689
411.55799,138,11478.349891
-382.343352,250,11505.98428
165.049155,79,11514.703602
222.30068,119,11527.893476
94.38851,63,11534.965235
359.521052,250,11565.401362
-348.462538,167,11583.793863
-50.484352,1,11586.827745
-57.794981,20,11591.947129
-73.550364,21,11597.169347
-66.267996,16,11601.856019
371.013469,224,11629.429133
-51.473766,1,11632.479262
-53.879677,1,11635.490602
-53.060875,1,11638.540492
-124.738753,250,11668.992105
-32.344488,129,11683.29878
-94.377499,18,11688.203134
-51.092213,1,11691.214237
-53.655502,1,11694.201584
-63.629802,13,11698.556681
-52.08094,1,11701.581155
-51.518482,1,11704.608784
-49.655392,1,11707.626376
-110.443554,28,11713.637904
-53.345589,1,11716.669388
-89.673004,48,11724.888086
-69.929476,250,11755.343658
331.088473,83,11764.515165
153.534287,99,11775.512266
-130.963146,26,11781.323958
-49.916812,13,11785.67725
-51.819424,1,11788.709519
-61.889245,5,11792.196634
-80.688784,16,11796.864198
-36.741751,6,11800.45393
-49.742943,1,11803.508499
-316.248074,121,11819.731124
-53.349113,1,11822.747259
-50.168575,1,11825.787259
-51.44088,1,11828.83037
-51.928013,1,11831.854765
-51.772133,1,11834.849357
-82.53195,10,11838.891884
-42.895559,3,11842.142014
-52.52483,1,11845.200498
456.063863,130,11862.412642
-77.111422,5,11863.031251
-53.969727,1,11866.036861
-52.771244,1,11869.088583
-50.784931,1,11872.113158
-54.122852,1,11875.139612
253.328974,152,11894.807701
-50.19519,1,11897.824255
-51.921856,1,11900.86725
-51.303104,1,11903.921432
-51.738953,2,11907.088875
-53.718319,1,11910.128441
-52.723206,1,11913.140183
-51.437754,12,11917.365898
-51.472771,1,11920.405967
-55.916867,2,11923.546835
-56.621848,4,11926.911598
-50.933407,1,11929.94822
-52.143921,1,11932.995715
-54.165176,1,11936.007393
52.853898,124,11952.617631
-62.271238,100,11966.589134
-50.735542,1,11969.653593
-50.931969,1,11972.670731
-54.104763,1,11975.697366
23.691703,107,11990.386968
-51.57098,1,11993.40863
-52.057259,1,11996.433497
-49.402657,1,11999.483414
-54.370186,1,12002.50156
-50.877563,1,12005.573034
-52.255928,1,12008.588258
-103.110678,14,12013.042529
-51.032288,1,12016.085158
227.460806,201,12041.132643
167.595844,30,12044.486824
282.892793,43,12049.276485
159.610911,97,12060.030979
-52.040539,1,12063.054954
-53.65366,1,12066.065275
50.097392,57,12075.237318
-54.00256,1,12078.257605
-54.032524,1,12081.238477
-40.866637,35,12088.014384
-41.470857,19,12093.038331
-50.672527,1,12096.054767
-50.174538,1,12099.059875
-54.545441,1,12102.084183
-50.9016,1,12105.09462
82.70333,61,12114.710846
-79.0546,12,12118.947551
-37.111746,13,12123.31838
-51.969341,1,12126.348259
-50.209023,1,12129.378366
-49.820953,1,12132.393839
-53.567039,1,12135.433385
-50.288483,1,12138.444721
-150.801229,96,12151.930436
-72.990176,9,12155.852711
-52.922745,1,12158.897063
-123.528032,16,12163.605469
77.408639,84,12175.791507
-52.973797,1,12178.821766
-49.886398,1,12181.836783
-52.038609,1,12184.853813
-49.745918,1,12187.869048
-52.52227,1,12190.859894
101.548361,140,12209.255543
-52.688904,1,12212.290557
-52.668484,1,12215.316878
-97.383974,23,12220.746929
-61.909103,27,12226.673534
-51.734333,1,12229.697158
-51.25861,1,12232.728367
-51.839653,1,12235.7495
-136.791637,250,12266.16291
199.176206,111,12278.436133
43.828903,96,12291.911969
-92.835276,16,12296.598422
-59.294069,2,12299.737705
-59.829389,3,12302.992338
-38.740571,11,12307.122632
-84.674125,17,12311.919885
-53.440742,1,12314.941891
-53.365098,6,12318.533583
-260.60573,136,12336.373145
-49.690384,1,12339.419505
-51.113091,1,12342.434309
-10.808045,89,12355.20403
-64.817166,8,12359.006342
-51.942146,1,12362.044312
-50.866943,1,12365.076526
-48.720145,10,12369.137928
281.083521,250,12399.557537
90.903459,250,12427.114165
-7.805392,172,12446.080811
-51.718262,1,12449.112963
-32.353035,69,12459.620833
-53.398331,1,12462.652301
-52.127567,1,12465.683189
-97.634053,11,12469.839215
-59.638469,7,12473.546675
-105.810384,13,12477.923003
-337.78792,100,12491.819744
-52.923298,1,12494.840022
-96.542523,14,12499.326623
-113.530339,23,12504.778568
-126.430317,213,12531.15168
-63.542229,11,12535.305526
-51.194118,1,12538.320901
-52.905983,1,12541.366262
-75.392566,6,12544.926929
50.221965,250,12575.351319
291.913441,250,12602.942623
-60.031038,61,12609.690381
-102.405259,189,12633.437954
-37.82569,6,12637.02234
-51.289482,1,12640.055958
-105.925569,22,12645.41519
-160.451171,126,12662.210238
-52.034409,1,12665.226459
-53.446201,1,12668.246911
-52.190117,1,12671.285877
-50.962113,13,12675.671188
-51.009338,1,12678.732339
-52.132626,1,12681.781215
-29.661136,105,12696.464904
-51.902843,1,12699.480138
288.158969,75,12710.79668
-43.850772,91,12720.972549
79.65816,46,12728.989554
-49.787941,1,12732.024458
-12.979702,13,12736.393163
-54.00349,1,12739.413881
-87.713028,15,12744.00718
-63.219117,5,12747.491526
-57.078303,4,12750.864554
-54.112167,1,12753.910117
